accuracy,precision_macro,recall_macro,f1_macro
0.6946153846153846,0.7057173268206027,0.6946153846153845,0.6918057148005422
